"y","d","X1","X2"
8385,1,0,41
2577,0,0,27
24049,1,0,29
1074,0,0,34
23725,0,0,30
0,1,0,25
17537,0,0,34
27295,1,0,29
40756,1,0,37
0,0,0,34
134091,1,0,33
22920,1,0,32
32103,0,0,41
0,1,0,39
5145,0,0,26
2472,0,0,39
6768,1,0,24
20595,0,0,29
1881,1,0,36
23076,1,0,23
7414,1,0,34
12161,0,0,30
8826,0,0,25
656,1,0,30
2895,1,0,28
1092,1,0,46
216,1,0,48
0,0,0,30
0,0,0,30
30456,1,0,22
7441,1,0,34
0,1,0,37
69399,0,0,27
12620,0,0,25
0,1,0,36
7413,1,0,28
24072,1,0,43
0,0,0,39
1528,0,0,30
0,1,0,30
3030,1,0,36
0,1,0,48
45971,1,0,31
0,1,0,22
0,1,0,43
6603,1,0,34
6446,0,0,27
0,1,0,23
0,1,0,30
0,1,0,29
0,0,0,37
0,0,0,29
0,1,0,34
20715,0,0,22
12861,1,0,22
0,0,0,33
162,1,0,23
0,0,0,22
13722,0,0,28
7209,0,0,31
732,0,0,39
14475,0,0,33
0,0,0,35
2952,1,0,42
0,1,0,35
1437,0,0,22
16324,0,0,22
0,1,0,29
2178,0,0,26
648,1,0,43
10432,0,0,38
0,1,0,46
2040,1,0,23
36025,1,0,38
26274,0,0,42
13020,1,0,26
1354,0,0,25
4196,0,0,37
1080,0,0,33
3237,0,0,31
45468,1,0,29
0,1,0,30
12641,1,0,38
17250,0,0,35
19662,1,0,23
45558,1,0,24
9990,1,0,24
3525,1,0,41
2331,0,0,29
16827,1,0,25
0,1,0,46
24531,1,0,30
12378,1,0,39
4551,0,0,40
0,1,0,41
1917,1,0,22
19675,0,0,38
2312,1,0,31
195,0,0,30
8517,1,0,28
40925,1,0,35
2433,1,0,25
0,0,0,45
0,1,0,29
0,0,0,22
0,1,0,35
2761,1,0,22
11685,0,0,29
4353,1,0,41
0,1,0,28
438,1,0,35
0,0,0,28
25020,0,0,36
35883,0,0,44
7008,0,0,23
6497,1,0,40
3771,1,0,24
1707,1,0,35
0,0,0,31
9184,1,0,22
25483,1,0,24
19551,1,0,42
0,1,0,23
873,0,0,33
1461,0,0,27
1140,1,0,37
26526,0,0,49
1299,0,0,23
15167,0,0,29
738,1,0,41
17876,1,0,36
0,1,0,26
0,1,0,30
0,1,0,32
14060,1,0,34
0,1,0,32
2115,1,0,24
12459,0,0,24
0,1,0,35
11601,1,0,28
21061,1,0,42
5292,1,0,24
0,1,0,25
18357,1,0,26
2624,1,0,42
42096,0,0,36
43678,0,0,46
0,0,0,34
2552,1,0,34
0,0,0,42
15847,0,0,25
0,1,0,25
21395,1,0,36
13323,1,0,26
8007,0,0,33
2340,1,0,34
31878,1,0,25
24798,1,0,24
0,1,0,26
3180,1,0,24
0,1,0,44
12138,1,0,24
4928,1,0,33
72,1,0,39
3480,0,0,38
21947,1,0,30
13519,1,0,28
3231,1,0,35
57,0,0,43
2898,0,0,35
0,1,0,26
21096,1,0,25
15366,1,0,24
5709,1,0,35
17466,0,0,27
462,1,0,24
39051,1,0,27
1679,1,0,32
933,1,0,38
25993,1,0,46
0,1,0,28
0,0,0,42
15584,1,0,23
13957,1,0,40
20389,1,0,30
10518,1,0,50
10255,1,0,22
3546,0,0,24
6549,1,0,25
2235,1,0,49
0,0,0,49
0,0,0,36
0,1,0,37
10143,1,0,33
9354,0,0,22
0,0,0,28
14070,0,0,32
31587,1,0,26
1972,1,0,39
19230,1,0,38
13206,1,1,40
469,0,3,28
2424,1,5,34
9430,0,6,29
1903,0,8,24
12773,0,9,34
28857,1,10,32
1053,1,11,44
0,0,12,43
14749,0,13,22
0,1,14,50
5830,1,15,29
7878,1,16,23
1949,1,17,28
6336,0,19,28
23878,0,20,35
9689,1,23,36
0,0,24,37
18,1,25,25
352,0,28,49
7028,1,30,27
10838,1,31,25
0,1,32,35
5082,1,35,38
20,1,36,40
20301,0,38,49
7260,1,40,29
0,1,42,26
1188,0,45,22
43580,1,48,45
2061,1,50,43
0,0,54,28
0,1,55,30
555,1,57,44
13705,1,59,27
321,1,60,26
0,0,62,31
2382,0,63,35
2007,1,64,23
18646,1,67,22
16248,0,69,24
16569,1,70,24
14727,1,71,22
16395,1,72,35
4515,1,75,27
18525,1,76,31
25451,0,77,41
19146,1,78,26
8367,0,79,24
0,1,80,48
33909,0,84,32
30376,1,85,24
10047,0,86,27
72,0,88,47
12086,0,89,26
1760,1,90,33
23710,1,91,47
23556,1,92,47
2493,1,93,37
13,0,94,34
1374,1,96,44
732,1,98,24
21308,1,98,36
42633,0,98,38
7257,0,98,25
0,0,98,24
49794,1,98,39
13307,0,98,38
6304,1,98,28
1654,1,99,25
12582,1,100,25
2783,1,100,38
13498,0,100,40
24337,1,100,49
1680,0,102,24
19403,1,103,23
0,1,104,44
17986,1,106,22
11591,1,108,36
20274,0,109,26
627,1,110,26
14859,1,112,26
2472,0,114,33
8353,1,119,37
13871,0,120,34
117,1,120,22
15789,1,122,38
5887,1,124,28
13536,1,125,24
15128,1,126,38
2541,1,128,27
57357,0,129,45
22052,1,130,38
19320,1,132,23
0,1,133,38
13965,0,134,34
24010,1,135,45
7381,0,136,23
4346,1,138,29
303,0,140,22
16935,1,140,27
7172,0,143,27
0,0,144,29
0,1,145,33
17358,1,146,27
22221,1,150,27
714,0,150,22
7629,0,150,27
20098,1,150,27
0,0,154,50
20553,0,155,26
0,1,157,42
1940,0,160,25
0,1,162,23
5961,1,165,23
3626,1,166,26
490,1,167,42
1788,1,168,26
0,1,170,33
2806,1,171,26
44514,0,172,27
13197,0,174,22
24996,1,175,23
28631,1,176,42
14997,0,178,37
27824,1,179,44
25497,1,180,47
30742,0,182,33
4005,0,184,23
0,1,187,29
1819,1,189,35
12478,1,190,22
18615,0,192,40
0,1,195,25
24185,1,196,22
351,0,197,43
0,0,200,35
27954,0,200,22
13212,1,200,26
469,0,200,33
8043,0,200,24
2212,1,200,35
19509,1,200,26
34182,0,200,34
12297,0,200,24
42,1,200,24
27762,1,200,33
9627,1,200,23
8388,1,200,26
7085,0,200,25
15749,0,200,24
59236,1,203,32
7418,1,206,25
0,1,208,43
28506,1,209,31
1008,0,212,34
23683,0,213,26
21852,1,215,34
18648,0,218,27
11382,1,219,49
36201,1,220,33
13815,1,224,36
13333,1,225,29
5513,0,228,33
13314,0,229,38
29927,1,230,23
12261,1,231,31
0,1,232,29
7077,1,234,37
13755,1,240,27
8772,0,244,24
2760,0,245,39
0,1,246,43
28161,0,248,27
12840,0,250,25
43299,1,250,24
6981,1,250,24
24171,0,250,24
6252,1,256,31
19740,0,260,31
26049,0,262,30
0,1,265,39
5072,1,268,40
12004,1,270,30
14896,1,272,24
22579,1,274,27
60,1,275,25
2595,1,276,25
1203,1,278,37
1838,0,280,25
2694,1,285,36
12698,1,286,23
27169,1,288,47
29744,1,289,31
9732,1,290,32
15009,0,292,25
3339,0,294,22
5232,1,295,24
20856,1,296,35
268,0,297,34
36669,1,298,37
10167,0,299,24
14295,1,300,24
2614,1,300,32
33792,1,300,30
21574,1,300,30
2196,1,300,26
10374,1,300,24
20688,1,300,32
7288,0,300,22
7092,1,300,23
34926,0,300,36
39759,1,303,49
0,0,308,34
183,0,310,40
3624,1,313,26
1750,1,315,25
4461,0,318,25
31565,1,320,27
6873,1,322,25
693,1,325,32
3314,1,326,32
825,0,328,25
68989,0,330,32
5211,1,335,22
86863,1,336,37
1325,1,339,27
10401,1,340,32
37374,1,341,32
8546,1,342,36
22390,0,343,37
3495,0,344,36
3347,1,348,22
6759,1,350,31
19659,0,350,32
17293,0,352,31
0,1,358,23
17539,0,360,27
31131,0,360,30
26873,1,363,26
10297,0,364,41
18519,1,366,35
588,1,368,28
858,1,369,50
31040,1,370,34
37071,1,371,23
4569,1,375,30
0,1,379,44
0,1,384,34
555,1,387,27
26771,0,390,22
20310,1,392,49
6307,1,396,48
0,0,397,30
0,1,398,28
20196,1,400,32
23322,0,400,40
9634,1,400,22
3620,1,400,31
2451,0,400,28
6775,1,400,28
5445,1,400,29
0,0,400,45
0,0,400,30
11879,1,400,43
0,1,400,24
117,0,400,27
4307,1,400,23
30432,1,402,25
147,0,403,23
39233,1,404,22
22242,1,406,37
0,0,407,33
13089,1,408,27
927,1,410,34
300,0,412,39
33276,1,418,33
3618,0,420,22
2817,1,421,23
1857,1,422,31
27916,1,425,22
27412,1,435,34
46440,1,438,29
37191,1,440,37
10729,1,442,34
15748,1,444,26
1062,1,450,35
11373,0,450,24
12689,1,451,30
0,1,460,22
0,0,465,28
5067,1,468,50
21375,0,470,50
8073,0,472,23
21629,1,475,30
26148,1,476,33
32984,1,480,27
33497,1,481,38
16958,1,488,24
3801,1,490,35
16257,0,492,43
254,1,498,26
24,1,500,26
5076,0,500,50
4378,1,500,28
15038,1,500,27
18360,1,500,22
20076,1,500,31
13741,1,500,23
21760,1,500,28
9840,1,500,24
60727,1,500,32
120,1,500,25
8854,1,500,32
31290,0,500,24
3117,0,500,31
7502,1,500,37
1300,1,502,34
676,1,504,33
57,1,506,23
4901,1,507,47
675,1,509,25
3162,1,520,35
26923,1,521,33
39,1,522,24
6180,0,528,44
1104,1,530,24
34918,1,533,42
5852,0,536,45
319,0,540,22
10676,1,542,30
981,1,550,30
0,0,550,28
12711,1,552,25
6930,1,554,26
26091,1,557,47
7986,0,558,25
2617,1,560,45
2348,1,570,43
14640,1,575,40
35725,1,576,22
22094,1,580,46
13881,1,586,41
0,0,588,33
6102,1,590,28
7610,0,597,23
3522,1,600,25
49408,0,600,46
0,1,600,29
744,1,600,37
1326,0,600,24
28373,1,600,27
4993,0,600,45
13581,1,600,23
4620,0,600,26
30324,1,600,30
8298,0,600,35
8474,1,600,42
2124,1,600,26
14773,1,604,23
29728,0,606,24
2772,0,609,23
19555,1,612,31
41661,1,616,27
1429,0,620,31
1639,1,621,25
22716,1,627,26
8304,1,629,25
10450,1,630,49
257,1,634,31
24767,0,636,25
26220,1,637,36
26314,0,638,38
21483,1,640,22
1392,0,645,25
3123,1,647,22
22886,1,650,29
909,0,652,23
246,0,655,46
3397,0,656,35
42936,1,660,26
14790,1,665,40
9550,1,670,30
16590,0,671,22
4294,0,672,33
24262,0,675,33
6965,1,680,26
22510,1,684,37
11088,1,690,25
951,0,696,27
20014,1,700,29
12747,1,700,37
2658,0,700,26
17844,0,700,41
12403,1,700,24
6641,1,700,41
0,0,700,49
0,1,704,33
22927,0,706,30
17673,0,708,32
50253,1,711,31
16028,1,715,29
53947,1,716,42
23104,0,720,26
6353,1,723,38
16974,0,725,28
3618,1,728,24
1296,0,733,41
2955,0,744,49
13105,0,750,31
6746,0,752,30
933,0,753,25
0,1,754,28
28140,0,759,22
0,0,774,35
0,1,776,30
26288,1,780,29
12652,1,784,22
447,0,800,26
33285,0,800,41
162,1,800,41
15507,0,800,30
32187,0,800,42
0,0,800,38
5652,1,800,32
11010,1,800,24
26543,1,800,34
2392,0,800,25
26236,1,800,24
33581,1,800,23
3099,0,800,40
34,0,800,34
3102,1,814,23
251,1,816,44
11382,0,821,33
26268,1,824,23
22560,1,825,33
3375,1,832,29
20521,1,834,32
1776,1,837,24
24264,1,840,22
10095,1,844,33
5211,0,850,40
3309,0,854,23
14860,0,860,28
2790,1,862,24
0,1,864,26
3405,1,870,25
24895,1,873,25
13370,1,874,31
7470,0,875,22
9874,1,883,26
15176,1,888,22
2180,1,890,32
269,1,892,31
48243,1,895,34
44070,1,896,49
21906,1,899,34
3782,1,900,27
29520,0,900,28
6864,1,900,24
10851,0,900,36
24951,0,900,31
4293,0,900,26
11990,1,900,48
7934,0,900,41
750,0,902,37
0,1,910,30
36390,1,912,32
3732,1,918,48
0,1,922,31
19257,1,925,42
334,0,933,22
33165,1,934,29
6988,1,938,27
0,0,950,28
7176,1,952,26
920,0,955,38
1234,0,960,29
13251,0,965,22
0,1,978,30
18931,0,979,27
17703,1,980,28
14920,1,985,22
72623,1,990,34
12373,0,992,39
560,1,994,35
0,1,996,28
20358,1,997,35
48,0,999,44
4038,1,1000,41
63663,1,1000,29
13043,1,1000,24
27694,1,1000,35
16773,0,1000,31
22424,0,1000,37
1362,1,1000,33
16233,1,1000,29
68772,1,1000,43
2622,1,1000,30
0,0,1000,38
13091,1,1000,39
0,0,1000,35
32119,1,1000,27
19110,0,1000,28
2786,1,1000,35
5979,0,1000,35
0,1,1000,32
2529,1,1000,23
987,1,1000,26
1858,0,1000,26
16014,1,1000,28
0,1,1000,45
4774,0,1000,26
23436,0,1000,25
11883,1,1005,26
4606,1,1012,50
435,1,1014,45
22478,1,1017,34
19796,1,1018,31
23433,0,1020,24
2037,1,1021,30
22375,1,1024,32
4389,0,1030,29
11913,0,1031,23
3138,1,1032,43
2832,1,1035,24
0,1,1040,42
11767,0,1042,30
20661,1,1043,37
68929,1,1050,22
12945,1,1055,35
23409,1,1056,38
610,1,1058,32
10867,1,1060,36
45822,1,1064,31
13344,1,1067,41
21118,1,1072,26
6453,1,1080,31
12453,0,1087,27
0,0,1088,27
37282,1,1094,24
7908,0,1095,30
7347,0,1099,45
2993,0,1100,42
23453,1,1100,24
636,0,1100,30
0,0,1100,29
33460,1,1100,29
31645,1,1102,32
30439,1,1104,31
21765,0,1107,28
44309,0,1109,33
20058,1,1110,23
17339,1,1117,47
0,1,1120,26
1386,0,1132,25
17653,1,1140,24
0,1,1144,48
21411,1,1148,33
42555,1,1150,39
38633,1,1152,37
8671,1,1154,33
14961,1,1155,35
18376,1,1158,25
43712,0,1164,49
0,1,1168,35
4531,1,1169,22
3700,0,1172,30
9351,1,1173,22
43243,1,1175,25
154,0,1178,28
11634,1,1180,23
17062,0,1185,22
11074,1,1186,28
978,1,1190,33
11445,1,1193,37
124612,1,1200,34
0,1,1200,37
648,0,1200,30
11286,0,1200,23
10289,1,1200,22
183,0,1200,25
76911,0,1200,38
6027,1,1200,26
4628,1,1200,24
3927,1,1200,22
6305,1,1200,25
15335,1,1200,30
17262,1,1200,41
65781,1,1200,30
7045,1,1200,36
51,1,1200,31
616,1,1200,29
33852,1,1209,44
25551,1,1211,38
4557,0,1216,33
11546,0,1218,37
13852,0,1220,36
40629,1,1223,35
16899,1,1227,24
24387,1,1232,22
18756,1,1236,43
4935,1,1240,25
3456,1,1244,27
33179,0,1248,31
542,1,1249,48
20637,1,1250,38
1803,0,1253,25
2245,0,1258,24
1239,0,1260,26
3273,1,1275,27
954,1,1277,31
9425,1,1279,22
13680,1,1280,23
3933,1,1284,42
2505,1,1290,24
16324,1,1292,24
62,1,1296,46
43006,0,1300,22
54168,1,1300,30
0,1,1300,24
14754,1,1300,31
11486,1,1300,41
3493,1,1300,24
27408,0,1302,44
23646,1,1303,28
0,0,1306,32
5916,0,1312,23
17082,0,1314,25
12506,1,1318,47
15318,1,1322,39
4450,1,1323,45
2556,1,1325,29
25729,1,1331,25
10602,1,1340,33
26997,1,1345,25
21710,1,1347,36
13381,1,1350,36
41472,1,1352,41
23027,0,1356,38
17305,0,1359,23
23028,1,1360,32
9018,1,1368,24
55173,0,1370,28
47532,1,1373,26
0,1,1375,47
21343,0,1376,22
16281,0,1380,22
0,1,1382,35
21954,0,1386,33
2175,0,1398,35
8380,0,1400,33
30896,1,1400,33
6646,1,1400,26
0,1,1400,24
0,1,1400,39
16344,0,1404,23
21304,1,1406,26
2676,1,1407,26
5615,0,1417,41
6458,1,1422,25
5439,1,1430,46
2829,0,1440,37
3843,1,1440,28
41190,1,1448,24
1725,0,1452,33
12024,1,1468,33
7385,0,1470,23
14682,1,1472,22
741,1,1477,33
18116,1,1487,29
929,0,1488,39
8034,0,1489,24
6542,0,1490,23
4281,0,1500,25
204,0,1500,29
4901,1,1500,22
35691,1,1500,22
12841,1,1500,38
1126,0,1500,24
9266,0,1500,30
26191,1,1500,22
1302,1,1500,29
34062,1,1500,34
26039,0,1500,41
31782,1,1500,23
12798,1,1500,33
55677,1,1500,22
0,0,1500,22
45215,1,1500,27
26589,1,1500,25
18300,1,1500,25
0,1,1506,26
12027,1,1517,25
13104,0,1520,33
4518,1,1524,36
29590,1,1530,32
0,0,1540,22
629,0,1542,42
4310,1,1546,36
1014,1,1550,29
26655,1,1560,27
651,1,1562,31
31440,1,1564,22
25766,1,1569,40
6786,0,1570,23
17087,1,1576,40
9763,1,1580,34
0,1,1589,22
28475,0,1591,29
11897,1,1597,28
3434,0,1600,28
12471,1,1600,43
4017,1,1600,29
0,0,1600,40
318,1,1600,25
10042,1,1600,37
36899,1,1600,42
384,1,1600,22
145,0,1601,24
27198,1,1604,35
14465,1,1608,31
1791,0,1614,22
6668,0,1615,24
7612,1,1620,22
18848,0,1624,24
1221,1,1625,37
13741,1,1644,35
17448,1,1646,30
339,1,1648,46
21793,1,1651,34
0,0,1658,45
43929,1,1660,28
1933,1,1671,35
11646,0,1679,22
1761,1,1680,24
24276,1,1683,39
3358,0,1684,30
24278,1,1685,30
0,0,1688,29
0,1,1695,31
23578,0,1700,35
11635,1,1700,23
11349,0,1701,23
12556,1,1704,30
1086,1,1712,22
13299,1,1720,40
0,1,1725,32
22603,1,1728,27
3749,1,1729,41
41892,1,1735,37
14409,1,1736,23
56291,1,1739,23
8940,0,1741,38
38820,0,1750,49
21572,1,1751,23
4776,0,1760,33
28804,1,1768,22
5232,0,1777,22
1998,1,1782,28
16869,1,1783,41
2261,0,1798,26
25212,1,1800,31
3250,1,1800,23
933,0,1800,40
18267,1,1800,24
0,1,1800,23
11671,1,1800,31
28776,1,1800,33
1833,1,1800,39
9084,0,1800,32
40,1,1808,29
8917,1,1814,25
15113,1,1820,30
11964,1,1837,42
33836,1,1840,29
26932,1,1850,23
15761,1,1854,47
12596,1,1855,32
864,1,1877,24
30138,1,1880,28
22185,1,1886,34
16287,1,1895,26
0,1,1900,40
0,0,1900,30
47432,0,1900,50
708,1,1905,37
20133,1,1906,49
0,1,1914,24
0,0,1927,22
20190,1,1935,43
7449,1,1940,31
3435,1,1942,30
23761,1,1945,23
44496,0,1946,31
34188,1,1948,44
42071,1,1949,29
0,1,1950,42
35772,1,1955,31
28029,0,1957,37
19045,1,1960,43
2730,1,1967,31
21123,1,1968,40
10392,1,1979,22
6275,1,1980,33
13998,0,1985,43
17280,0,1989,45
186,1,1992,29
231,1,1995,50
45177,1,1998,25
6432,0,2000,32
13367,0,2000,42
321,1,2000,31
0,1,2000,33
1219,1,2000,41
27914,1,2000,43
10784,1,2000,23
795,1,2000,27
297,0,2000,47
14040,1,2000,23
18442,0,2000,37
0,0,2000,23
10885,1,2000,43
13135,1,2000,35
0,0,2000,39
53353,0,2000,39
18918,1,2000,24
19808,1,2000,26
11097,1,2000,27
6520,1,2000,32
18848,1,2000,42
28509,1,2000,32
11181,1,2000,33
4401,1,2000,28
20561,0,2000,24
17833,1,2000,27
36039,0,2000,26
594,1,2000,31
14430,1,2000,24
2269,1,2000,23
28313,1,2000,23
6465,0,2000,33
13804,1,2000,42
30439,0,2000,24
68628,1,2000,23
20850,1,2000,28
17826,0,2000,27
0,1,2000,22
29452,0,2003,39
199,1,2010,31
6689,0,2012,31
41994,1,2016,25
14548,0,2020,23
0,0,2025,33
1350,1,2026,22
0,0,2040,29
14598,0,2041,29
66810,0,2047,37
31776,1,2060,22
43239,1,2061,29
312,1,2064,33
1275,0,2079,23
5314,1,2080,41
5826,0,2095,29
26016,0,2100,23
12138,1,2100,26
20523,1,2100,28
11619,1,2112,49
17500,1,2114,24
8418,1,2120,38
11406,0,2128,36
4154,1,2131,23
556,1,2135,37
45,1,2144,27
12375,1,2150,23
0,1,2157,34
7152,0,2160,31
9756,1,2164,28
10433,1,2165,23
8826,0,2173,34
13128,1,2178,26
0,1,2179,43
40434,0,2180,26
3966,0,2184,23
32709,1,2185,40
0,0,2188,24
344,1,2189,35
40139,1,2191,42
2198,1,2193,24
1293,1,2200,32
13629,1,2200,27
19739,0,2200,34
2613,0,2200,42
8101,1,2200,29
0,0,2202,26
11146,1,2205,47
33882,0,2206,40
31431,1,2212,29
0,1,2218,25
17469,1,2220,36
18270,1,2222,24
458,1,2223,34
8195,0,2224,22
28090,1,2232,28
780,0,2234,33
3525,1,2240,24
2675,1,2241,31
23896,1,2246,25
214,1,2250,32
0,0,2262,29
34294,1,2263,48
9264,1,2270,22
23478,1,2272,40
7560,0,2275,24
29949,0,2282,42
19327,1,2283,32
0,1,2285,23
12708,1,2296,31
5328,1,2299,29
13215,1,2300,39
2652,1,2300,23
26055,1,2300,28
3656,0,2300,26
11979,1,2304,41
2053,1,2308,22
39564,0,2309,40
5068,0,2310,33
5955,1,2314,31
30130,1,2317,23
4669,0,2320,25
22908,0,2328,41
25669,1,2330,31
0,0,2340,42
26535,1,2344,24
0,1,2349,45
0,1,2350,35
22851,1,2360,28
35505,1,2389,23
2022,1,2391,37
0,1,2400,32
4308,1,2400,43
3710,0,2400,39
2280,1,2400,28
10263,1,2400,41
14989,0,2400,23
8076,1,2400,26
1371,0,2400,32
5418,0,2400,42
0,1,2400,35
17905,1,2409,24
41031,1,2411,39
4676,1,2416,32
18154,1,2418,37
18038,1,2422,39
8109,1,2426,29
12716,0,2428,24
39126,1,2430,24
11249,1,2433,27
5910,0,2436,32
47410,0,2439,33
30327,0,2440,33
654,1,2441,25
3900,1,2444.656,22
13346,1,2444.656,22
2865,1,2444.656,27
0,1,2444.656,36
0,1,2444.656,22
12249,0,2444.656,32
25401,0,2444.656,35
0,1,2444.656,37
23832,1,2444.656,34
417,0,2444.656,29
5622,1,2444.656,25
0,1,2444.656,25
55929,1,2444.656,25
12129,1,2444.656,24
28713,1,2444.656,48
24721,0,2444.656,50
38768,1,2444.656,25
1453,1,2444.656,31
738,0,2444.656,26
43834,0,2444.656,25
420,1,2444.656,22
23502,0,2444.656,39
41530,1,2444.656,28
8844,0,2444.656,27
2235,1,2444.656,24
17813,1,2444.656,24
26538,1,2444.656,38
13397,0,2444.656,25
30112,1,2444.656,25
30156,0,2444.656,28
45408,1,2444.656,31
6327,1,2444.656,24
13869,0,2444.656,27
4677,1,2444.656,33
153,1,2444.656,23
816,0,2444.656,30
0,1,2444.656,42
14023,1,2444.656,43
0,0,2444.656,35
13899,1,2444.656,24
129,1,2444.656,22
2757,1,2444.656,37
240,1,2444.656,30
18411,0,2444.656,50
18041,1,2444.656,26
2316,1,2444.656,29
41108,1,2444.656,41
7500,1,2444.656,23
0,1,2444.656,22
1898,1,2444.656,24
372,1,2444.656,25
555,0,2444.656,30
1599,1,2444.656,23
10737,0,2444.656,42
38235,0,2444.656,42
8924,0,2444.656,34
1521,0,2444.656,50
13077,1,2444.656,47
1362,1,2444.656,36
5715,1,2444.656,22
359,1,2444.656,31
19798,1,2444.656,24
8019,1,2444.656,36
17625,1,2444.656,34
37062,1,2444.656,26
11792,1,2444.656,43
1809,0,2444.656,25
0,1,2444.656,23
16059,1,2444.656,26
10350,1,2444.656,23
13796,1,2444.656,28
7384,1,2444.656,41
13349,0,2444.656,27
1029,1,2444.656,23
4023,1,2444.656,24
6047,1,2444.656,25
1593,1,2444.656,28
15306,1,2444.656,30
31635,1,2444.656,23
17707,1,2444.656,29
11680,1,2444.656,28
7058,1,2444.656,40
15935,0,2444.656,22
4512,0,2444.656,24
14171,1,2444.656,22
0,1,2444.656,28
1341,0,2444.656,22
27,1,2444.656,29
29426,0,2444.656,24
870,0,2444.656,31
15586,1,2444.656,37
11346,0,2444.656,24
21822,1,2444.656,42
0,0,2444.656,28
3663,1,2444.656,28
4319,0,2444.656,44
33312,1,2444.656,43
6838,0,2444.656,28
0,0,2444.656,48
102,1,2444.656,37
1230,1,2444.656,28
7306,1,2444.656,28
153,1,2444.656,23
7766,0,2444.656,28
26319,1,2444.656,32
27941,1,2444.656,28
33316,1,2444.656,33
31427,1,2444.656,35
4053,0,2444.656,42
23429,1,2444.656,28
537,0,2444.656,27
7626,1,2444.656,31
2472,0,2444.656,31
15936,1,2444.656,24
0,0,2444.656,27
18234,1,2444.656,45
2483,1,2444.656,32
3832,1,2444.656,22
18962,1,2444.656,27
0,1,2444.656,50
3799,1,2444.656,42
12975,1,2444.656,24
28695,1,2444.656,35
17585,0,2444.656,48
6045,0,2444.656,30
293,1,2444.656,22
0,1,2444.656,34
31455,1,2444.656,23
15754,0,2444.656,27
8657,0,2444.656,32
24087,1,2444.656,34
28678,1,2444.656,28
14476,0,2444.656,48
52000,1,2444.656,36
49702,1,2444.656,47
396,1,2444.656,22
1656,1,2444.656,25
29454,1,2444.656,29
4563,1,2444.656,29
19392,0,2444.656,28
23216,0,2444.656,43
9912,1,2444.656,23
37486,0,2444.656,26
24,0,2444.656,30
0,0,2444.656,32
20229,1,2444.656,26
19527,1,2444.656,23
18945,0,2444.656,28
12885,0,2444.656,22
6195,1,2444.656,35
39906,1,2444.656,31
0,0,2444.656,28
0,0,2444.656,39
5535,1,2444.656,35
0,1,2444.656,44
43325,0,2444.656,29
1077,1,2444.656,26
0,0,2444.656,36
0,1,2444.656,38
2972,0,2444.656,40
40223,1,2444.656,23
4940,0,2444.656,35
11034,0,2444.656,26
1128,1,2444.656,41
25448,1,2444.656,27
13923,1,2444.656,34
0,1,2444.656,25
37898,0,2444.656,28
7992,0,2444.656,31
9444,1,2444.656,33
0,1,2444.656,27
0,1,2444.656,30
28023,0,2444.656,47
26904,1,2444.656,23
16484,0,2444.656,32
14067,1,2444.656,26
2844,1,2444.656,45
12230,1,2444.656,23
37838,1,2444.656,32
5922,1,2444.656,34
20689,1,2444.656,27
21156,1,2444.656,47
6606,1,2444.656,27
468,1,2444.656,24
0,1,2444.656,34
19865,1,2444.656,25
0,1,2444.656,34
11214,1,2444.656,30
12690,0,2444.656,24
1923,1,2444.656,31
21912,1,2444.656,39
26190,1,2444.656,28
307,0,2444.656,42
9380,1,2444.656,26
1565,1,2444.656,41
16342,1,2444.656,23
1147,0,2444.656,27
27552,0,2444.656,36
7230,0,2444.656,43
22719,1,2444.656,24
243,0,2445,33
210,0,2448,47
14567,0,2460,32
17717,0,2469,22
16689,1,2471,30
0,0,2477,33
8532,1,2482,22
13089,0,2487,29
395,0,2490,24
12432,0,2496,33
26682,0,2500,24
14508,1,2500,30
5159,1,2500,39
22417,1,2500,43
14219,1,2500,26
35999,1,2500,44
11502,0,2500,27
0,1,2500,34
1647,1,2500,24
0,1,2500,43
207,1,2500,27
789,1,2500,26
12963,1,2500,43
26898,1,2500,33
31218,1,2500,24
0,1,2500,31
22662,1,2508,32
24195,1,2512,22
216,1,2520,31
0,1,2526,37
6099,0,2536,40
20825,1,2550,30
11327,1,2556,24
0,1,2558,24
0,1,2560,36
11863,1,2571,25
17289,1,2574,25
4027,1,2577,35
1617,1,2580,26
22400,1,2584,35
5238,1,2592,29
39102,1,2600,31
49303,0,2600,33
14598,1,2600,23
28409,1,2602,32
44648,1,2604,26
7218,1,2605,39
41307,1,2615,29
7944,1,2620,39
9974,0,2640,22
8819,1,2645,30
33873,1,2646,47
1379,0,2652,28
18648,0,2658,24
1128,1,2664,45
12399,1,2666,38
8861,1,2674,23
6774,0,2680,23
38077,0,2688,33
7893,1,2700,24
4233,0,2700,31
18137,1,2700,31
29970,0,2700,28
7185,0,2702,23
0,1,2710,41
1321,0,2712,43
16463,0,2714,24
0,1,2716,32
22443,0,2720,32
5992,1,2725,26
30942,1,2726,35
28,1,2729,48
1947,0,2732,22
24030,1,2737,26
51965,1,2740,35
17589,1,2743,32
10311,0,2746,22
1463,0,2750,36
24084,0,2755,43
23079,1,2757,47
1902,1,2768,46
1881,1,2771,34
5116,1,2778,23
0,1,2780,22
23279,1,2794,35
358,1,2800,40
25765,1,2800,48
15542,0,2800,35
41028,1,2808,28
7617,1,2809,30
37067,1,2814,27
8075,0,2820,34
814,1,2828,24
28186,1,2830,30
17559,1,2836,38
5140,1,2840,41
40275,1,2844,35
23727,1,2848,44
16281,1,2850,29
13026,0,2853,29
4947,1,2855,35
45968,1,2856,27
48795,1,2868,41
7785,1,2870,23
17555,0,2872,50
13981,0,2876,26
5304,1,2880,32
0,1,2882,23
4447,1,2888,27
0,1,2897,32
31445,0,2900,37
8674,0,2900,23
18037,1,2904,24
16650,1,2912,32
33494,1,2921,39
8231,1,2927,23
41889,1,2936,34
19859,1,2937,25
3765,0,2948,25
26964,1,2958,33
10464,1,2971,25
22524,0,2974,37
6590,1,2977,24
30762,1,2980,25
14106,0,2988,45
8393,0,2992,22
37122,0,3000,37
28804,0,3000,23
17205,0,3000,22
10099,1,3000,25
9492,1,3000,30
21300,0,3000,25
4652,1,3000,26
17038,0,3000,25
12481,1,3000,48
384,1,3000,36
9481,1,3000,26
1086,1,3000,31
24347,0,3000,31
25499,1,3000,33
29081,1,3000,28
2472,0,3000,26
41767,1,3000,22
0,1,3000,32
41820,1,3000,40
44522,1,3000,22
294,1,3000,27
25116,1,3000,43
6299,1,3000,22
1440,1,3000,33
28007,0,3000,23
10231,1,3000,22
45701,1,3000,24
7731,0,3000,29
12627,1,3000,33
10104,1,3000,32
16326,0,3000,23
50930,1,3000,25
1245,1,3000,29
38969,0,3000,22
8321,1,3000,24
32482,0,3000,30
11796,1,3000,27
7329,0,3000,28
0,0,3000,44
2499,1,3000,23
9180,1,3000,25
1619,0,3000,28
32134,1,3000,41
43977,1,3000,35
4980,0,3000,34
3622,1,3000,34
42993,1,3000,24
12789,1,3000,26
0,1,3000,50
6,1,3000,28
6954,0,3000,24
43065,1,3000,22
8764,1,3004,35
2253,0,3005,38
27822,1,3010,40
10353,0,3033,25
10632,0,3040,30
418,1,3050,36
10257,0,3056,42
36967,1,3060,47
8941,1,3069,35
84873,1,3077,32
480,0,3089,50
30951,1,3096,32
858,1,3100,31
1458,0,3107,25
7377,0,3115,43
35656,0,3118,32
20400,1,3120,28
6822,1,3129,28
2949,1,3131,23
3155,1,3132,27
26630,0,3146,22
59849,0,3147,30
10515,1,3150,33
4386,1,3157,25
3477,0,3159,39
8820,0,3160,27
16074,1,3162,35
17043,1,3172,24
11748,1,3178,43
6558,1,3185,32
62451,0,3194,45
22734,1,3198,25
8127,1,3200,37
4378,1,3200,25
77760,0,3200,24
477,1,3200,24
1705,0,3200,31
17127,1,3204,38
41958,0,3216,30
0,1,3220,32
13816,1,3227,33
12991,0,3234,24
7898,1,3235,32
3775,0,3240,31
0,1,3242,34
13164,0,3250,33
20997,0,3257,31
1113,1,3259,34
6665,1,3268,36
176,0,3284,23
57,0,3287,43
32276,1,3288,34
15223,1,3289,26
31991,1,3290,45
34377,1,3296,22
49046,1,3299,33
22298,0,3300,24
4701,1,3300,28
2343,1,3301,36
40517,1,3306,34
0,0,3309,27
2994,1,3319,37
68877,1,3326,33
37788,1,3329,30
24206,1,3338,37
12255,0,3340,25
2564,1,3341,22
16743,1,3342,43
24921,1,3350,26
5966,1,3352,22
32184,1,3353,33
352,1,3360,22
10411,1,3362,22
20178,0,3366,43
14529,1,3380,33
48111,0,3382,23
15763,0,3385,38
0,1,3387,26
3048,1,3393,28
4680,0,3400,41
24765,0,3412,22
15884,1,3432,24
33159,1,3435,26
9206,0,3438,33
7083,1,3440,36
9797,0,3442,27
390,1,3444,44
1533,1,3456,28
14847,1,3457,36
6873,0,3460,46
30198,1,3462,39
27056,1,3464,22
26906,1,3472,28
12076,1,3480,25
0,1,3484,29
12964,0,3486,23
10083,1,3492,22
6984,1,3497,42
56963,1,3500,25
28566,1,3500,24
35784,0,3500,28
1522,0,3500,45
25669,0,3500,25
6783,1,3500,22
28872,1,3500,26
5184,0,3500,34
11521,1,3500,41
1163,1,3500,27
48777,0,3500,22
1799,1,3500,26
699,0,3513,39
6179,0,3515,28
30073,1,3520,34
20771,1,3538,25
3693,1,3541,42
53439,1,3542,44
18869,1,3552,24
33678,1,3560,25
48810,1,3570,34
46443,1,3588,24
4984,1,3591,24
35986,1,3593,41
15257,0,3596,31
34399,1,3600,38
33250,1,3600,29
15288,1,3600,25
0,1,3600,22
12356,1,3602,36
43078,0,3625,35
18121,1,3628,27
693,1,3629,32
19091,1,3630,42
4005,1,3635,28
7842,0,3640,36
107,1,3650,41
30618,0,3660,44
16800,1,3666,41
8730,1,3674,26
19651,1,3677,43
24237,1,3680,33
34841,1,3690,22
28749,1,3692,31
27781,1,3693,27
1477,1,3696,40
11169,1,3700,35
16313,0,3703,25
6726,1,3707,25
23329,1,3710,22
34739,1,3711,46
108,0,3720,35
13072,0,3740,36
11612,0,3744,23
30298,1,3750,39
31590,0,3752,33
3138,0,3780,43
0,1,3792,38
15289,0,3797,23
27448,1,3800,22
17280,1,3800,23
12412,1,3804,24
13853,0,3805,35
0,1,3815,37
7056,0,3824,23
38713,0,3825,24
1087,1,3826,23
36767,1,3828,29
6839,1,3832,36
19257,0,3837,43
4547,1,3840,23
27190,0,3844,31
5121,0,3850,36
27579,1,3862,30
2137,1,3867,25
17337,1,3878,23
26475,0,3880,25
24261,0,3892,31
10012,0,3896,31
45400,1,3900,35
16648,0,3906,33
5487,1,3910,27
15138,1,3912,42
26016,1,3915,26
26814,1,3920,24
18567,0,3921,29
8358,1,3925,29
4597,1,3945,22
3315,0,3949,30
23994,0,3950,37
23084,0,3952,49
0,1,3960,28
40968,0,3967,23
0,1,3976,38
0,1,3977,26
2775,1,3978,44
15828,1,3981,27
5227,1,3986,23
35676,0,4000,24
70239,0,4000,22
23970,1,4000,43
22691,1,4000,23
80712,0,4000,23
1242,1,4000,38
28353,0,4000,22
10638,1,4000,24
25193,0,4000,31
0,1,4000,23
7378,1,4000,22
19096,1,4000,40
7379,1,4000,32
6111,1,4000,33
74603,1,4000,30
9300,0,4000,35
8748,1,4000,37
10120,1,4000,23
5239,1,4000,33
17610,1,4000,25
41680,1,4000,34
26317,0,4000,34
27816,1,4000,32
12175,1,4000,37
22406,1,4000,23
4381,0,4000,22
28863,1,4000,23
25859,1,4000,28
17304,1,4000,45
12537,1,4000,37
30171,0,4000,27
6948,1,4000,25
37410,0,4000,24
30823,1,4000,30
37487,0,4000,31
19010,0,4000,25
11271,1,4000,29
25988,1,4008,22
22434,1,4019,25
3117,0,4020,28
5995,1,4025,29
642,0,4028,22
35775,0,4037,25
60,1,4040,22
12944,1,4041,24
25654,1,4050,45
18089,1,4053,40
41781,1,4060,31
10721,1,4067,28
43638,0,4084,32
19837,1,4087,27
34998,0,4093,40
24336,0,4094,37
10728,1,4100,34
21035,1,4103.911,27
9579,0,4103.911,25
30,1,4103.911,33
2940,1,4103.911,32
26700,1,4103.911,30
3423,0,4103.911,31
225,1,4103.911,23
13023,1,4103.911,29
4939,1,4103.911,27
57159,0,4103.911,26
150,0,4103.911,35
56776,1,4103.911,26
22698,1,4103.911,22
0,1,4103.911,24
27312,1,4103.911,42
36289,1,4103.911,43
9609,0,4103.911,25
12666,0,4103.911,23
8452,1,4103.911,22
13953,0,4103.911,47
1509,1,4103.911,29
189,1,4103.911,24
47211,1,4103.911,34
2967,1,4103.911,32
35357,1,4103.911,47
7067,0,4103.911,32
15701,0,4103.911,25
0,1,4103.911,30
33257,1,4103.911,25
13488,0,4103.911,40
0,0,4103.911,27
0,1,4103.911,46
13048,1,4103.911,29
5305,1,4103.911,26
16488,0,4103.911,31
0,0,4103.911,39
5009,1,4103.911,27
35005,1,4103.911,34
24340,1,4103.911,24
32010,0,4103.911,24
27084,1,4103.911,25
37590,1,4103.911,32
7504,0,4103.911,33
12453,1,4103.911,25
35869,1,4103.911,32
3283,1,4103.911,22
3681,0,4103.911,34
54025,1,4103.911,41
10073,0,4103.911,23
12960,1,4103.911,44
0,1,4103.911,44
2070,1,4103.911,45
2285,1,4103.911,34
0,1,4103.911,23
17897,1,4103.911,46
1463,1,4103.911,25
13071,0,4103.911,31
7712,0,4103.911,32
15480,1,4103.911,30
26361,1,4103.911,29
3276,0,4103.911,30
33819,0,4103.911,38
5284,1,4103.911,37
16317,1,4103.911,30
32312,1,4103.911,34
52092,1,4103.911,37
1209,1,4103.911,26
5402,1,4103.911,29
26523,1,4103.911,49
7644,1,4103.911,36
11585,1,4103.911,41
0,1,4103.911,44
48099,0,4103.911,30
17628,1,4103.911,25
13211,1,4103.911,22
358,1,4103.911,26
34500,1,4103.911,23
0,1,4103.911,50
24776,1,4103.911,30
4650,0,4103.911,26
50040,1,4103.911,29
55702,0,4103.911,26
44363,0,4103.911,41
21775,0,4103.911,37
20773,1,4103.911,26
8949,0,4103.911,25
20846,1,4103.911,36
351,0,4103.911,39
18872,0,4103.911,22
0,0,4103.911,25
26741,0,4103.911,23
623,1,4103.911,26
1401,1,4103.911,28
4487,0,4103.911,38
5563,1,4103.911,25
25007,1,4103.911,29
23907,1,4103.911,28
23067,0,4103.911,32
13512,1,4103.911,48
1584,1,4103.911,27
8865,1,4103.911,24
0,1,4103.911,27
44007,0,4103.911,32
0,1,4103.911,44
9333,1,4103.911,26
0,0,4103.911,27
366,0,4103.911,30
31362,0,4103.911,25
6726,1,4103.911,50
8220,0,4103.911,31
2484,1,4103.911,27
11712,0,4103.911,25
1203,0,4103.911,34
33183,0,4103.911,41
14512,1,4103.911,30
5649,1,4103.911,32
0,1,4103.911,28
952,0,4103.911,32
8155,0,4103.911,24
31198,1,4103.911,38
0,1,4103.911,27
34039,1,4103.911,22
697,0,4103.911,38
18792,1,4103.911,29
1212,1,4103.911,38
44322,1,4103.911,29
0,1,4103.911,49
15698,1,4103.911,31
9759,1,4103.911,37
23091,1,4103.911,22
11780,1,4103.911,27
3618,1,4103.911,24
5562,0,4103.911,29
28949,1,4103.911,45
47821,0,4103.911,27
47057,0,4103.911,29
2435,1,4103.911,35
39678,0,4103.911,31
1045,0,4103.911,26
19986,1,4103.911,48
0,1,4103.911,28
4767,0,4103.911,27
55395,1,4103.911,29
3129,0,4104,34
259,1,4120,46
978,1,4124,44
58545,0,4160,45
19032,0,4162,32
4485,1,4163,31
24573,0,4179,27
255,1,4184,28
6661,1,4186,28
1550,0,4198,33
23952,0,4200,23
7411,1,4200,31
7092,0,4200,32
773,0,4200,31
0,1,4203,34
17596,0,4224,30
15357,1,4226,31
10728,1,4227,41
4468,0,4232,31
38229,1,4237,40
18939,1,4240,31
11198,0,4244,24
0,0,4250,30
8435,1,4251,40
42923,1,4252,40
35107,1,4260,44
15834,1,4263,37
31047,1,4266,30
33102,1,4269,42
117,1,4277,30
16763,1,4278,23
12031,1,4280,23
11383,1,4283,26
9516,1,4288,34
2430,0,4289,27
2752,1,4300,24
29299,1,4300,35
100516,1,4308,48
4575,1,4309,35
16106,0,4316,24
0,0,4320,44
7419,1,4328,42
10722,1,4350,25
36573,1,4352,22
21898,1,4355,36
32452,1,4362,25
24425,1,4364,22
66440,1,4368,28
23127,1,4386,48
28509,1,4388,44
28261,1,4400,23
7757,1,4410,22
905,0,4418,26
1014,1,4420,24
13871,1,4421,26
0,1,4435,28
19046,1,4436,38
21547,1,4440,38
2106,1,4444,28
11121,1,4455,33
72745,0,4462,26
11477,1,4473,28
6495,1,4480,43
32057,0,4482,22
0,1,4485,26
31690,0,4500,33
2812,0,4500,45
453,0,4500,34
33846,0,4500,43
11433,0,4500,33
30515,1,4500,29
8663,1,4500,32
35854,0,4500,32
27128,1,4500,22
26808,1,4500,26
16143,0,4500,45
9220,0,4500,31
10301,0,4518,46
47996,1,4520,45
18593,1,4522,39
7422,1,4524,26
9614,1,4536,22
5199,0,4548,25
26458,0,4550,22
7960,1,4553,27
7202,1,4560,38
502,0,4572,30
30286,0,4575,39
30604,1,4583,22
42333,1,4592,27
5460,1,4593,34
19827,0,4595,33
19877,1,4600,30
37821,1,4600,33
23198,1,4604,30
10545,1,4616,34
0,0,4635,28
5737,0,4641,24
15802,0,4650,41
0,0,4668,34
8076,1,4670,35
18303,1,4675,44
10149,0,4680,31
11367,0,4685,36
9793,1,4686,38
19707,0,4692,35
38732,0,4700,33
23396,1,4710,26
15634,1,4720,26
23787,1,4726,37
70062,0,4728,26
22552,1,4730,24
22080,1,4741,22
7402,1,4746,30
9072,0,4750,28
43731,1,4757,27
147,1,4760,36
8523,1,4778,28
31924,1,4790,28
66546,1,4791,31
0,1,4800,36
7497,0,4800,30
22415,1,4800,43
29318,1,4800,25
14282,0,4800,31
63474,0,4800,28
471,1,4800,24
19327,0,4800,24
39717,1,4810,24
20241,0,4823,47
3832,1,4830,50
14481,1,4832,35
34060,1,4835,25
14536,0,4840,32
580,1,4850,36
0,1,4856,49
28773,1,4860,27
12345,1,4864,35
32807,1,4866,27
1811,1,4868,23
10191,1,4870,32
51495,1,4875,22
16127,1,4880,28
6435,0,4888,27
55181,0,4896,32
19358,0,4899,35
3336,1,4900,43
6410,0,4902,45
29569,1,4910,25
8637,1,4913,22
7551,1,4950,26
44119,1,4958,37
20238,1,4962,34
36850,1,4963,33
54809,1,4972,25
1524,0,4973,27
5376,1,4985,36
48783,0,4990,27
47835,0,4992,25
16419,1,5000,26
10423,1,5000,30
10014,0,5000,28
264,1,5000,34
45063,1,5000,27
8337,1,5000,23
7800,0,5000,35
33513,1,5000,34
20877,1,5000,37
9283,1,5000,32
2447,0,5000,34
12614,1,5000,28
13396,1,5000,32
29646,1,5000,25
22743,1,5000,34
38804,0,5000,23
5472,1,5000,33
48184,1,5000,33
1752,1,5000,27
14247,0,5000,24
25691,1,5000,26
19553,0,5000,30
1149,0,5000,22
21553,1,5000,22
41304,1,5000,34
5062,0,5000,32
31617,0,5000,25
4386,1,5000,24
28363,1,5000,26
45317,1,5000,26
1128,1,5000,25
9966,1,5000,38
2754,0,5000,41
4011,0,5000,40
9677,0,5000,25
36909,1,5000,44
43488,1,5000,22
64899,0,5000,29
0,0,5000,35
