"y","d","X1"
6965,1,0
2577,0,0
1839,1,0
24,0,0
15649,1,0
40418,0,0
1238,0,0
1071,1,0
361,1,0
10014,1,0
23126,1,0
15537,1,0
234,1,0
0,1,0
9588,0,0
113,1,0
5193,1,0
29710,1,0
5709,1,0
14937,0,0
750,1,0
29191,1,0
19542,1,0
483,0,0
1707,1,0
0,0,0
8538,0,0
59439,1,0
0,0,0
807,0,0
13206,1,1
469,0,3
2424,1,5
22513,1,5
18270,1,5
783,0,6
1047,1,6
1903,0,8
12526,1,8
12773,0,9
50241,0,10
1053,1,11
0,0,12
14749,0,13
0,1,14
20039,1,15
7878,1,16
1949,1,17
6336,0,19
46098,1,20
456,0,20
9689,1,23
0,0,24
24521,1,25
352,0,28
7028,1,30
0,1,30
10838,1,31
0,1,32
5082,1,35
20,1,36
20301,0,38
30,1,40
20383,1,40
40953,1,40
0,1,40
23144,1,42
1188,0,45
43580,1,48
0,1,49
23765,1,50
1731,0,50
3649,0,50
1368,1,50
0,0,54
0,1,55
9325,1,57
13705,1,59
363,0,60
1453,1,60
321,1,60
0,0,62
2382,0,63
2007,1,64
18646,1,67
16248,0,69
17743,1,70
14727,1,71
143,1,72
10620,0,75
6789,0,75
4515,1,75
18525,1,76
25451,0,77
1123,0,78
8367,0,79
0,1,80
32544,1,80
33909,0,84
12462,1,85
30376,1,85
10047,0,86
72,0,88
12086,0,89
10395,0,90
0,1,90
688,1,90
23710,1,91
23556,1,92
2493,1,93
13,0,94
9487,1,96
4446,1,98
8513,1,98
16363,1,98
46491,1,98
732,1,98
18231,1,98
0,0,98
21120,1,98
40038,0,98
12542,0,98
0,1,98
6902,0,98
7698,1,98
717,1,98
0,1,98
7257,0,98
18535,1,98
33604,1,98
25301,1,98
6304,1,98
27729,1,98
1654,1,99
9029,1,100
2783,1,100
3008,1,100
30080,1,100
0,1,100
0,1,100
27291,0,100
13498,0,100
22449,1,100
24337,1,100
522,1,100
16641,1,100
55653,1,100
18077,1,102
19403,1,103
0,1,104
17986,1,106
29778,0,107
11591,1,108
20274,0,109
7068,1,110
3351,1,112
2472,0,114
25262,1,117
4673,1,119
13871,0,120
1302,1,120
1005,1,120
14002,0,120
0,1,120
15789,1,122
5887,1,124
26091,0,125
13536,1,125
15128,1,126
2541,1,128
34775,1,129
544,1,130
22052,1,130
19320,1,132
0,1,133
13965,0,134
8692,1,135
2902,1,135
7381,0,136
4346,1,138
15141,0,140
83,1,140
303,0,140
0,1,140
51,1,140
4019,0,140
170,0,140
6738,1,140
7172,0,143
0,1,144
0,1,145
17358,1,146
22221,1,150
247,1,150
4797,1,150
14580,0,150
22425,1,150
6144,0,150
18767,0,150
477,0,150
11716,1,150
6762,0,150
0,0,154
20553,0,155
0,1,157
6821,1,160
24830,1,160
1940,0,160
28801,1,160
0,1,162
9632,1,162
5961,1,165
3626,1,166
490,1,167
1788,1,168
3147,1,170
0,1,170
3033,1,170
2806,1,171
44514,0,172
13197,0,174
24996,1,175
28631,1,176
14997,0,178
27824,1,179
17692,0,180
135,0,180
14094,1,180
30742,0,182
4005,0,184
0,1,187
1819,1,189
12478,1,190
18615,0,192
0,1,195
6924,0,196
351,0,197
201,1,200
46737,1,200
14847,1,200
1257,1,200
0,0,200
15052,1,200
0,1,200
0,1,200
32110,1,200
469,0,200
22518,0,200
3150,0,200
4560,0,200
11406,0,200
32004,0,200
51,1,200
46020,1,200
0,1,200
37687,0,200
4461,0,200
43443,1,200
5152,0,200
9627,1,200
8388,1,200
7085,0,200
61485,0,200
4758,1,200
18192,1,200
19095,1,200
29058,0,200
59236,1,203
13977,1,206
0,1,208
28506,1,209
1008,0,212
23683,0,213
21852,1,215
18648,0,218
11382,1,219
36201,1,220
49117,1,220
13815,1,224
0,1,224
13333,1,225
5513,0,228
13314,0,229
29927,1,230
4913,1,230
12261,1,231
0,1,232
7077,1,234
13755,1,240
23850,1,240
1110,0,240
8772,0,244
2760,0,245
0,1,246
28161,0,248
546,1,250
1625,1,250
2450,0,250
15938,1,250
0,0,250
43299,1,250
264,1,250
4764,1,250
6171,0,250
9480,0,250
6252,1,256
0,1,260
26049,0,262
0,1,265
4459,1,268
12004,1,270
14896,1,272
21972,1,274
7137,0,275
2595,1,276
1203,1,278
1838,0,280
2694,1,285
1674,1,286
27169,1,288
29744,1,289
9732,1,290
15009,0,292
3339,0,294
5232,1,295
20856,1,296
268,0,297
36669,1,298
28349,1,299
14295,1,300
2614,1,300
7767,0,300
21675,0,300
0,1,300
21574,1,300
2196,1,300
10374,1,300
4071,0,300
47563,1,300
7288,0,300
174,1,300
44261,1,300
1593,1,300
30249,1,300
1744,1,300
1254,1,300
0,1,300
7092,1,300
7749,0,300
12444,0,300
11417,0,300
4475,0,300
2269,1,300
46855,1,300
20917,1,300
7174,1,300
39759,1,303
0,0,308
183,0,310
3624,1,313
1750,1,315
4461,0,318
426,0,320
180,1,320
6873,1,322
693,1,325
3314,1,326
825,0,328
68989,0,330
1197,1,335
5211,1,335
17003,1,336
1325,1,339
283,0,340
37374,1,341
8546,1,342
22390,0,343
3495,0,344
3347,1,348
5854,0,350
83,0,350
3433,0,350
9720,1,350
3397,0,350
0,1,350
17293,0,352
0,1,358
8115,1,360
15116,0,360
17539,0,360
31131,0,360
2487,0,360
20569,1,360
26873,1,363
10297,0,364
18519,1,366
588,1,368
858,1,369
31040,1,370
37071,1,371
69,1,375
0,1,379
9167,1,384
555,1,387
26771,0,390
20310,1,392
6307,1,396
0,0,397
0,1,398
1440,1,400
594,1,400
19707,1,400
23322,0,400
9634,1,400
43710,1,400
6904,1,400
7110,0,400
15075,0,400
17727,1,400
1373,0,400
3620,1,400
2451,0,400
1659,1,400
42433,0,400
2352,1,400
12777,1,400
3816,1,400
0,0,400
29575,1,400
0,0,400
0,0,400
20376,1,400
1819,1,400
2442,1,400
0,1,400
21060,1,400
4307,1,400
68772,1,400
1830,1,400
30432,1,402
147,0,403
39233,1,404
22242,1,406
0,0,407
13089,1,408
927,1,410
300,0,412
33276,1,418
3618,0,420
2817,1,421
1929,1,422
300,0,425
16722,1,434
27412,1,435
46440,1,438
37191,1,440
10729,1,442
15748,1,444
29339,1,450
1470,1,450
1062,1,450
4497,1,450
8389,0,450
12689,1,451
13029,1,452
0,1,460
13006,0,465
5067,1,468
1065,0,470
8073,0,472
21629,1,475
26148,1,476
1003,0,480
0,1,480
22863,1,480
33497,1,481
16958,1,488
3801,1,490
16257,0,492
254,1,498
5850,1,500
5047,1,500
0,1,500
8643,1,500
7743,1,500
18259,1,500
9923,1,500
37421,1,500
38774,1,500
5013,1,500
18360,1,500
13974,1,500
13741,1,500
1623,0,500
36099,1,500
14145,1,500
21760,1,500
0,1,500
2896,1,500
5940,1,500
0,1,500
1274,1,500
618,1,500
30497,1,500
4583,1,500
2466,1,500
31290,0,500
12656,1,500
23421,1,500
3094,1,500
1300,1,502
676,1,504
57,1,506
4901,1,507
675,1,509
9620,0,516
1605,1,520
3162,1,520
26923,1,521
39,1,522
6180,0,528
1104,1,530
1891,1,532
34918,1,533
0,0,536
0,1,539
0,1,540
10676,1,542
1611,1,550
981,1,550
3723,1,550
0,0,550
0,1,550
12711,1,552
6930,1,554
26091,1,557
7986,0,558
10950,1,560
2348,1,570
14640,1,575
35725,1,576
22094,1,580
13881,1,586
0,0,588
6102,1,590
7610,0,597
21561,1,600
15850,0,600
43366,1,600
2051,1,600
3522,1,600
0,1,600
9081,0,600
0,0,600
4993,0,600
9198,1,600
8937,0,600
138,0,600
1367,1,600
3849,1,600
41580,0,600
13581,1,600
4620,0,600
5608,1,600
99,1,600
131,1,600
15381,0,600
11991,1,600
10425,1,600
156,1,600
8298,0,600
127,1,600
13833,0,600
2463,0,600
0,1,600
2124,1,600
41727,1,604
29728,0,606
2772,0,609
19555,1,612
41661,1,616
1429,0,620
1639,1,621
22716,1,627
8304,1,629
1458,1,630
9648,0,630
257,1,634
24767,0,636
26220,1,637
26314,0,638
6339,0,640
21483,1,640
1392,0,645
3123,1,647
0,1,650
0,1,650
16,0,650
909,0,652
246,0,655
3397,0,656
42936,1,660
14790,1,665
9550,1,670
16590,0,671
13098,1,672
24262,0,675
0,0,676
11474,1,680
22510,1,684
24621,1,685
11088,1,690
951,0,696
8187,1,700
16629,1,700
2658,0,700
19857,0,700
0,1,700
1401,0,700
17844,0,700
672,1,700
18012,0,700
201,0,700
22200,0,700
0,0,700
800,0,700
6641,1,700
905,1,700
928,1,700
10392,1,700
13367,1,700
5805,0,700
0,1,700
0,1,704
22927,0,706
17673,0,708
50253,1,711
31743,1,714
16028,1,715
53947,1,716
23104,0,720
376,1,720
6353,1,723
2634,1,725
3618,1,728
1296,0,733
3584,0,742
2955,0,744
22911,1,750
13105,0,750
21429,0,750
6746,0,752
933,0,753
0,1,754
28140,0,759
0,0,774
0,1,776
27273,1,778
2310,0,780
26288,1,780
12652,1,784
447,0,800
33285,0,800
2346,0,800
55872,0,800
15507,0,800
0,0,800
10627,1,800
1125,1,800
23491,1,800
11049,0,800
2379,1,800
2865,0,800
2825,0,800
25586,1,800
17031,1,800
23955,1,800
7772,1,800
5727,0,800
0,1,800
17060,0,800
33581,1,800
2419,0,800
142,0,800
10093,1,800
9180,1,800
28050,1,800
2588,0,800
34,0,800
4230,0,800
50633,1,800
3102,1,814
251,1,816
11382,0,821
26268,1,824
22560,1,825
3375,1,832
20521,1,834
1776,1,837
31308,1,840
10095,1,844
40837,1,850
17471,1,850
9969,0,850
0,1,850
3309,0,854
14860,0,860
2790,1,862
705,1,863
18120,1,864
3405,1,870
24895,1,873
13370,1,874
0,1,875
9874,1,883
15176,1,888
1713,1,890
269,1,892
48243,1,895
44070,1,896
21906,1,899
7563,1,900
6739,1,900
22632,1,900
22550,1,900
14953,1,900
336,1,900
29520,0,900
36697,1,900
51990,1,900
6864,1,900
14742,0,900
3639,0,900
837,1,900
420,0,900
2290,1,900
21989,0,900
2639,0,900
4293,0,900
2556,1,900
11990,1,900
1515,1,900
7934,0,900
750,0,902
21524,1,910
36390,1,912
3732,1,918
0,1,922
19257,1,925
334,0,933
33165,1,934
3162,0,938
0,0,950
7176,1,952
920,0,955
5589,1,960
28848,1,960
0,1,960
3373,1,960
23186,1,960
13251,0,965
0,1,978
18931,0,979
17703,1,980
14920,1,985
72623,1,990
12373,0,992
560,1,994
0,1,996
20358,1,997
2545,0,999
7014,0,999
4038,1,1000
12327,1,1000
0,1,1000
16773,0,1000
4116,0,1000
2601,1,1000
1961,0,1000
24654,1,1000
251,0,1000
16233,1,1000
24466,0,1000
11276,1,1000
17976,0,1000
4704,1,1000
5172,0,1000
7588,1,1000
522,1,1000
3090,1,1000
3432,0,1000
34430,0,1000
5196,1,1000
10565,1,1000
1393,1,1000
0,0,1000
6505,0,1000
11459,1,1000
6144,0,1000
0,0,1000
31418,1,1000
13749,1,1000
11883,1,1005
4606,1,1012
435,1,1014
22478,1,1017
19796,1,1018
1935,1,1020
31689,1,1020
2037,1,1021
9150,1,1024
4389,0,1030
11913,0,1031
3138,1,1032
2832,1,1035
0,1,1040
11767,0,1042
20661,1,1043
0,1,1045
0,1,1050
68929,1,1050
12945,1,1055
23409,1,1056
610,1,1058
10867,1,1060
45822,1,1064
13344,1,1067
21118,1,1072
3594,1,1080
12453,0,1087
0,0,1088
37282,1,1094
7908,0,1095
7347,0,1099
17047,0,1100
0,1,1100
636,0,1100
0,0,1100
11911,1,1100
2179,0,1100
38271,1,1100
16608,1,1100
3729,1,1100
21570,1,1100
4144,0,1100
0,0,1100
20769,0,1100
7408,1,1100
36351,1,1100
31645,1,1102
30439,1,1104
21765,0,1107
44309,0,1109
20058,1,1110
17339,1,1117
0,1,1120
18129,0,1120
5741,1,1120
6603,1,1132
12171,1,1138
17653,1,1140
0,1,1144
21411,1,1148
42555,1,1150
38633,1,1152
8671,1,1154
20659,1,1155
18376,1,1158
43712,0,1164
0,1,1168
4531,1,1169
2324,1,1171
3700,0,1172
9351,1,1173
43243,1,1175
154,0,1178
282,0,1180
17062,0,1185
11074,1,1186
978,1,1190
11445,1,1193
51541,1,1200
8070,1,1200
33135,1,1200
9452,1,1200
15883,1,1200
11655,1,1200
21233,1,1200
0,1,1200
648,0,1200
10289,1,1200
183,0,1200
35637,1,1200
6027,1,1200
26955,0,1200
4628,1,1200
22284,1,1200
203,1,1200
3222,1,1200
0,0,1200
432,1,1200
20256,1,1200
54093,1,1200
6305,1,1200
36909,0,1200
0,1,1200
62790,1,1200
9219,1,1200
616,1,1200
4748,0,1200
0,1,1200
33852,1,1209
25551,1,1211
4557,0,1216
11546,0,1218
13852,0,1220
40629,1,1223
16899,1,1227
24387,1,1232
18756,1,1236
13285,1,1240
3456,1,1244
33179,0,1248
542,1,1249
12812,0,1250
1803,0,1253
2245,0,1258
51631,0,1260
78,1,1260
3273,1,1275
954,1,1277
9425,1,1279
13680,1,1280
3933,1,1284
2505,1,1290
16324,1,1292
62,1,1296
31774,1,1300
22951,1,1300
43006,0,1300
54168,1,1300
15062,0,1300
15002,0,1300
3948,1,1300
14754,1,1300
6212,1,1300
29301,1,1300
3470,1,1300
2537,1,1300
83236,1,1300
70421,1,1300
18844,1,1300
16228,0,1300
17763,0,1302
23646,1,1303
0,0,1306
5916,0,1312
17082,0,1314
12506,1,1318
948,1,1322
4450,1,1323
2556,1,1325
25729,1,1331
10602,1,1340
26997,1,1345
21710,1,1347
1315,1,1350
41472,1,1352
23027,0,1356
17305,0,1359
23028,1,1360
4556,1,1366
9018,1,1368
55173,0,1370
47532,1,1373
0,1,1375
21343,0,1376
16281,0,1380
0,1,1382
21954,0,1386
2175,0,1398
29302,1,1400
16931,0,1400
3720,1,1400
312,0,1400
6646,1,1400
0,1,1400
16780,1,1400
4383,1,1400
35790,0,1400
15231,1,1400
25707,0,1400
4285,1,1400
8652,0,1400
0,1,1400
39505,0,1400
0,1,1400
16344,0,1404
21304,1,1406
2676,1,1407
5615,0,1417
6458,1,1422
5439,1,1430
0,1,1440
1873,1,1440
2829,0,1440
3843,1,1440
687,1,1440
41190,1,1448
1725,0,1452
12024,1,1468
7385,0,1470
14682,1,1472
741,1,1477
18116,1,1487
929,0,1488
8034,0,1489
6542,0,1490
6150,0,1500
4281,0,1500
11997,0,1500
9369,1,1500
18687,1,1500
20118,0,1500
33885,1,1500
1228,1,1500
1050,1,1500
12841,1,1500
1921,1,1500
0,1,1500
40425,1,1500
10095,1,1500
1126,0,1500
1146,1,1500
9266,0,1500
1302,1,1500
48084,0,1500
34062,1,1500
21153,1,1500
0,1,1500
23778,1,1500
40278,0,1500
14934,1,1500
462,0,1500
45662,1,1500
0,1,1500
10755,1,1500
67235,1,1500
0,1,1506
12027,1,1517
13104,0,1520
4518,1,1524
549,0,1530
15981,0,1530
15384,1,1540
629,0,1542
4310,1,1546
1014,1,1550
13910,0,1560
651,1,1562
31440,1,1564
6990,1,1569
6786,0,1570
17087,1,1576
9763,1,1580
0,1,1589
28475,0,1591
11897,1,1597
7787,1,1600
26072,1,1600
2878,1,1600
41892,1,1600
18888,1,1600
19948,0,1600
4017,1,1600
34525,1,1600
32850,1,1600
1365,0,1600
14038,1,1600
0,1,1600
11793,0,1600
0,0,1600
19128,1,1600
25278,1,1600
2676,1,1600
16911,0,1600
318,1,1600
3336,0,1600
10042,1,1600
145,0,1601
0,1,1603
27198,1,1604
14465,1,1608
1791,0,1614
6668,0,1615
7612,1,1620
18848,0,1624
1221,1,1625
896,1,1631
5226,1,1642
13741,1,1644
17448,1,1646
339,1,1648
21793,1,1651
0,0,1658
43929,1,1660
1933,1,1671
11646,0,1679
14669,1,1680
13235,0,1680
24276,1,1683
3358,0,1684
24278,1,1685
0,0,1688
0,1,1695
32112,1,1700
15687,0,1700
17817,0,1700
72394,1,1700
48,1,1700
7614,1,1700
11349,0,1701
12556,1,1704
0,1,1708
1086,1,1712
13299,1,1720
8262,0,1725
22603,1,1728
3749,1,1729
41892,1,1735
14409,1,1736
56291,1,1739
8940,0,1741
13484,1,1750
13206,1,1750
38820,0,1750
6395,1,1750
21572,1,1751
9729,0,1760
28804,1,1768
5232,0,1777
1998,1,1782
16869,1,1783
26780,0,1792
2261,0,1798
75,0,1800
5557,1,1800
12897,0,1800
0,0,1800
20460,1,1800
3250,1,1800
3778,1,1800
2079,1,1800
1390,1,1800
23757,1,1800
933,0,1800
21635,0,1800
798,1,1800
4681,0,1800
32216,1,1800
2695,1,1800
18267,1,1800
0,1,1800
14841,0,1800
6210,0,1800
25530,1,1800
2896,1,1800
28407,1,1800
24561,1,1800
9084,0,1800
40,1,1808
8917,1,1814
15113,1,1820
11964,1,1837
33836,1,1840
26932,1,1850
15761,1,1854
12596,1,1855
20100,1,1876
864,1,1877
30138,1,1880
22185,1,1886
16287,1,1895
15277,0,1900
44,1,1900
2376,1,1900
2469,1,1900
38855,1,1900
14587,1,1900
5964,1,1900
28290,1,1900
0,1,1900
708,1,1905
20133,1,1906
0,1,1914
15932,0,1917
0,0,1927
20190,1,1935
7449,1,1940
3435,1,1942
23761,1,1945
44496,0,1946
3456,1,1947
34188,1,1948
42071,1,1949
30624,1,1950
35772,1,1955
28029,0,1957
16445,0,1958
19045,1,1960
2730,1,1967
21123,1,1968
10392,1,1979
6275,1,1980
13998,0,1985
27318,1,1988
17280,0,1989
186,1,1992
231,1,1995
45177,1,1998
6432,0,2000
13367,0,2000
25767,1,2000
18,1,2000
4980,1,2000
23500,0,2000
22959,0,2000
21091,0,2000
35350,0,2000
46623,0,2000
19808,1,2000
20534,0,2000
0,0,2000
44303,1,2000
765,0,2000
4401,1,2000
13674,1,2000
31778,1,2000
20949,1,2000
27,1,2000
13948,0,2000
6465,0,2000
26967,0,2000
5797,1,2000
4370,1,2000
10365,0,2000
43571,0,2000
8320,1,2000
2370,0,2000
38932,1,2000
29452,0,2003
199,1,2010
6689,0,2012
41994,1,2016
14548,0,2020
0,0,2025
1350,1,2026
0,1,2040
0,0,2040
14598,0,2041
66810,0,2047
31776,1,2060
43239,1,2061
312,1,2064
19007,1,2079
5314,1,2080
5826,0,2095
7551,0,2100
57312,0,2100
13859,1,2100
30386,1,2100
5366,0,2100
5085,1,2100
12138,1,2100
0,1,2107
11619,1,2112
17500,1,2114
8418,1,2120
11406,0,2128
12518,1,2130
4154,1,2131
556,1,2135
45,1,2144
260,0,2144
12375,1,2150
0,1,2157
16977,0,2160
15769,1,2160
9756,1,2164
10433,1,2165
8826,0,2173
13128,1,2178
0,1,2179
22099,1,2180
3966,0,2184
32709,1,2185
0,0,2188
344,1,2189
10515,1,2191
2198,1,2193
80166,1,2200
1293,1,2200
14536,0,2200
13629,1,2200
19739,0,2200
8977,1,2200
1292,1,2200
0,1,2200
8101,1,2200
25577,0,2200
42583,0,2200
0,1,2200
0,0,2202
11146,1,2205
33882,0,2206
31431,1,2212
0,1,2218
17469,1,2220
18270,1,2222
458,1,2223
8195,0,2224
28090,1,2232
780,0,2234
3525,1,2240
15092,1,2240
2675,1,2241
23896,1,2246
9269,1,2250
0,0,2262
34294,1,2263
9264,1,2270
23478,1,2272
7560,0,2275
26004,1,2282
19327,1,2283
19955,0,2285
12708,1,2296
5328,1,2299
9285,1,2300
11261,1,2300
12040,0,2300
14026,1,2300
18264,1,2300
11217,0,2300
2652,1,2300
13737,0,2300
4824,1,2300
8567,0,2300
11979,1,2304
2053,1,2308
39564,0,2309
5068,0,2310
5955,1,2314
30130,1,2317
4669,0,2320
22908,0,2328
0,1,2330
15348,1,2340
33328,1,2340
33640,1,2343
26535,1,2344
0,1,2349
0,1,2350
22851,1,2360
35505,1,2389
13780,0,2391
17943,0,2400
24799,1,2400
4005,1,2400
19008,1,2400
0,0,2400
33246,0,2400
21801,1,2400
6473,1,2400
3710,0,2400
16949,1,2400
9558,1,2400
14617,1,2400
33078,1,2400
7398,1,2400
44614,1,2400
10263,1,2400
2825,1,2400
11456,1,2400
21422,0,2400
14989,0,2400
22743,1,2400
32455,1,2400
0,1,2400
454,1,2400
21798,1,2400
8289,1,2400
71886,1,2400
31826,0,2400
16134,1,2400
17905,1,2409
41031,1,2411
0,0,2412
4676,1,2416
18154,1,2418
18038,1,2422
8109,1,2426
12716,0,2428
39126,1,2430
11249,1,2433
5910,0,2436
47410,0,2439
15069,0,2440
654,1,2441
14103,1,2444.656
8774,0,2444.656
15828,1,2444.656
43834,0,2444.656
48611,1,2444.656
13934,1,2444.656
18041,1,2444.656
8924,0,2444.656
13077,1,2444.656
0,0,2444.656
6612,1,2444.656
4023,1,2444.656
14476,0,2444.656
11943,0,2444.656
4872,0,2444.656
26626,1,2444.656
2556,1,2444.656
0,0,2444.656
3567,0,2444.656
8932,0,2444.656
0,1,2444.656
2844,1,2444.656
13526,1,2444.656
6065,1,2444.656
11100,0,2444.656
468,1,2444.656
20853,1,2444.656
14131,1,2444.656
35916,0,2444.656
6863,0,2444.656
243,0,2445
210,0,2448
465,0,2460
17717,0,2469
16689,1,2471
0,0,2477
8532,1,2482
13089,0,2487
395,0,2490
12432,0,2496
12301,0,2500
698,1,2500
8603,1,2500
21750,1,2500
26682,0,2500
6828,1,2500
38563,1,2500
42857,1,2500
29283,1,2500
39597,0,2500
5159,1,2500
5449,0,2500
62424,1,2500
6627,0,2500
147,1,2500
27130,0,2500
5988,0,2500
20025,1,2500
0,1,2500
36913,1,2500
3984,1,2500
3942,1,2500
1239,1,2500
7943,1,2500
24,1,2500
2232,1,2500
11442,1,2500
26898,1,2500
31218,1,2500
0,1,2500
15633,1,2505
22662,1,2508
24195,1,2512
216,1,2520
0,1,2526
6099,0,2536
20825,1,2550
11327,1,2556
0,1,2558
11961,0,2560
28179,0,2560
0,1,2560
11863,1,2571
17289,1,2574
3484,1,2577
5337,1,2580
22400,1,2584
5238,1,2592
4728,1,2600
6676,1,2600
0,0,2600
26677,0,2600
19839,1,2600
489,1,2600
27300,0,2600
56421,0,2600
21195,1,2600
27115,1,2600
28409,1,2602
44648,1,2604
7218,1,2605
41307,1,2615
36600,1,2616
7944,1,2620
9974,0,2640
8819,1,2645
33873,1,2646
1379,0,2652
39720,1,2658
1128,1,2664
12399,1,2666
8861,1,2674
7195,1,2680
38077,0,2688
1569,0,2700
52514,0,2700
8403,1,2700
7893,1,2700
4233,0,2700
30299,0,2700
19291,1,2700
0,0,2700
3177,0,2700
5564,1,2700
7038,1,2700
7185,0,2702
0,1,2710
1321,0,2712
16463,0,2714
0,1,2716
22443,0,2720
5992,1,2725
30942,1,2726
28,1,2729
1947,0,2732
38711,1,2736
24030,1,2737
51965,1,2740
17589,1,2743
10311,0,2746
1463,0,2750
24084,0,2755
23079,1,2757
5019,0,2759
1902,1,2768
1881,1,2771
5116,1,2778
0,1,2780
23279,1,2794
7872,1,2800
216,1,2800
762,1,2800
14704,0,2800
2752,0,2800
0,1,2800
8478,1,2800
25765,1,2800
7573,0,2800
22289,0,2808
7617,1,2809
37067,1,2814
10530,0,2817
8075,0,2820
29574,0,2827
814,1,2828
28186,1,2830
17559,1,2836
5140,1,2840
40275,1,2844
23727,1,2848
16281,1,2850
13026,0,2853
4947,1,2855
45968,1,2856
48795,1,2868
7785,1,2870
17555,0,2872
13981,0,2876
5304,1,2880
0,1,2882
4447,1,2888
0,1,2897
18374,1,2900
1887,1,2900
9695,0,2900
8157,0,2900
1100,1,2900
26442,1,2900
21166,0,2900
9017,1,2904
16650,1,2912
33494,1,2921
8231,1,2927
41889,1,2936
19859,1,2937
0,1,2938
3765,0,2948
26964,1,2958
10464,1,2971
22524,0,2974
0,0,2976
6590,1,2977
30762,1,2980
14106,0,2988
8393,0,2992
37122,0,3000
4968,1,3000
59739,1,3000
7579,1,3000
30678,1,3000
12481,1,3000
4851,1,3000
0,0,3000
0,0,3000
69682,1,3000
1287,1,3000
25116,1,3000
26358,1,3000
0,1,3000
3075,1,3000
10231,1,3000
24203,1,3000
0,1,3000
1035,1,3000
35778,0,3000
22890,1,3000
41779,1,3000
36061,0,3000
3234,1,3000
0,0,3000
26703,1,3000
4980,0,3000
162,0,3000
12789,1,3000
45265,1,3000
8764,1,3004
2253,0,3005
27822,1,3010
8541,1,3033
10632,0,3040
115,1,3050
10257,0,3056
36967,1,3060
8941,1,3069
84873,1,3077
480,0,3089
24349,1,3096
6083,1,3100
0,1,3100
858,1,3100
6186,0,3100
1458,0,3107
7377,0,3115
35656,0,3118
4215,1,3120
98153,0,3120
6822,1,3129
2949,1,3131
3155,1,3132
26630,0,3146
59849,0,3147
10515,1,3150
4386,1,3157
3477,0,3159
8820,0,3160
16074,1,3162
17043,1,3172
11748,1,3178
6558,1,3185
62451,0,3194
22734,1,3198
24344,1,3200
3375,1,3200
18828,0,3200
435,1,3200
24938,1,3200
16464,1,3200
4378,1,3200
0,1,3200
7805,0,3200
0,1,3200
12534,1,3200
3489,0,3200
13060,0,3200
1011,1,3200
24390,1,3200
37797,1,3200
17127,1,3204
11619,0,3216
0,1,3220
13816,1,3227
1368,0,3228
12991,0,3234
7898,1,3235
3775,0,3240
0,1,3242
13164,0,3250
20997,0,3257
1113,1,3259
6665,1,3268
176,0,3284
57,0,3287
32276,1,3288
15223,1,3289
31991,1,3290
34377,1,3296
49046,1,3299
20664,0,3300
11175,1,3300
14680,1,3300
22298,0,3300
3297,0,3300
6681,1,3300
4701,1,3300
2343,1,3301
40517,1,3306
11533,1,3308
0,0,3309
2994,1,3319
68877,1,3326
37788,1,3329
24206,1,3338
12255,0,3340
2564,1,3341
16743,1,3342
28210,0,3350
5966,1,3352
32184,1,3353
670,1,3359
1538,0,3360
6930,1,3360
352,1,3360
13398,1,3360
5081,1,3360
10411,1,3362
20178,0,3366
31022,0,3380
48111,0,3382
15763,0,3385
0,1,3387
3048,1,3393
4473,0,3400
4680,0,3400
0,1,3400
510,1,3400
30188,1,3400
24765,0,3412
15884,1,3432
33159,1,3435
9206,0,3438
26877,0,3440
9797,0,3442
390,1,3444
12850,1,3451
1533,1,3456
14847,1,3457
6873,0,3460
30198,1,3462
27056,1,3464
26906,1,3472
17915,0,3474
12076,1,3480
3639,1,3484
12964,0,3486
10083,1,3492
6984,1,3497
37644,0,3500
10099,1,3500
1491,1,3500
9651,1,3500
2107,1,3500
13130,0,3500
104,1,3500
35784,0,3500
9330,1,3500
1522,0,3500
8526,0,3500
25669,0,3500
19263,1,3500
9591,1,3500
28872,1,3500
0,1,3500
6241,1,3500
11521,1,3500
1163,1,3500
31831,1,3500
16224,0,3500
1799,1,3500
16336,0,3500
26460,1,3500
30997,0,3500
41598,1,3500
16965,1,3500
16934,0,3500
9113,1,3500
7487,1,3500
699,0,3513
8022,1,3515
30073,1,3520
20771,1,3538
3693,1,3541
53439,1,3542
18869,1,3552
13506,1,3560
17382,1,3570
7218,1,3575
46443,1,3588
4984,1,3591
35986,1,3593
15257,0,3596
38036,0,3600
22047,1,3600
0,1,3600
7155,1,3600
8502,1,3600
1054,1,3600
18261,0,3600
26020,1,3600
0,1,3600
21924,0,3600
0,1,3600
42275,1,3600
12356,1,3602
7992,1,3621
43078,0,3625
18121,1,3628
693,1,3629
19091,1,3630
4005,1,3635
42174,1,3640
0,1,3640
0,1,3640
107,1,3650
30618,0,3660
16800,1,3666
14388,1,3668
8730,1,3674
19651,1,3677
24237,1,3680
34841,1,3690
28749,1,3692
27781,1,3693
1477,1,3696
11169,1,3700
27240,0,3700
19431,1,3700
16313,0,3703
6726,1,3707
23329,1,3710
34739,1,3711
108,0,3720
13072,0,3740
11612,0,3744
30298,1,3750
31590,0,3752
16288,1,3780
0,1,3792
28635,1,3793
15289,0,3797
1494,0,3800
27448,1,3800
0,1,3800
468,1,3800
17280,1,3800
3822,0,3800
1427,0,3800
12412,1,3804
13853,0,3805
0,1,3815
7056,0,3824
38713,0,3825
1087,1,3826
36767,1,3828
6839,1,3832
19257,0,3837
37030,1,3840
1575,0,3840
14435,1,3840
4547,1,3840
27190,0,3844
5121,0,3850
27579,1,3862
2137,1,3867
17337,1,3878
26475,0,3880
24261,0,3892
24171,0,3896
45400,1,3900
48024,0,3900
12189,0,3900
16648,0,3906
5487,1,3910
15138,1,3912
26016,1,3915
3330,1,3920
18567,0,3921
8358,1,3925
4597,1,3945
3315,0,3949
23994,0,3950
23084,0,3952
0,1,3960
40968,0,3967
0,1,3976
0,1,3977
2775,1,3978
15828,1,3981
5227,1,3986
18195,1,3990
2495,1,4000
70239,0,4000
80712,0,4000
14854,1,4000
0,1,4000
10638,1,4000
24541,1,4000
18489,1,4000
25193,0,4000
24389,1,4000
29524,1,4000
19851,1,4000
12340,1,4000
6111,1,4000
17718,1,4000
1008,1,4000
10120,1,4000
15019,1,4000
6624,1,4000
1086,1,4000
2772,1,4000
29873,1,4000
25477,0,4000
29947,0,4000
0,1,4000
33620,1,4000
30291,1,4000
3492,0,4000
0,1,4000
2837,0,4000
25988,1,4008
22434,1,4019
3117,0,4020
5995,1,4025
642,0,4028
35775,0,4037
60,1,4040
12944,1,4041
25654,1,4050
18089,1,4053
41781,1,4060
10721,1,4067
43638,0,4084
19837,1,4087
34998,0,4093
24336,0,4094
1723,0,4100
10728,1,4100
28311,0,4100
45677,1,4103.911
62030,0,4103.911
1056,1,4103.911
40884,1,4103.911
17415,1,4103.911
31148,1,4103.911
35614,1,4103.911
13346,1,4103.911
10365,1,4103.911
33819,0,4103.911
2559,1,4103.911
234,1,4103.911
38693,1,4103.911
11999,0,4103.911
13017,0,4103.911
15756,1,4103.911
39397,0,4103.911
40065,1,4103.911
351,0,4103.911
44148,0,4103.911
0,1,4103.911
0,1,4103.911
60318,1,4103.911
366,0,4103.911
8899,0,4103.911
34905,0,4103.911
9755,1,4103.911
14829,1,4103.911
19912,1,4103.911
9759,1,4103.911
3129,0,4104
259,1,4120
978,1,4124
58545,0,4160
19032,0,4162
4485,1,4163
24573,0,4179
255,1,4184
6661,1,4186
1550,0,4198
10191,1,4200
36739,1,4200
11070,0,4200
25047,1,4200
11250,1,4200
6449,1,4200
74046,1,4200
23952,0,4200
23730,1,4200
23064,0,4200
29098,0,4200
6649,1,4200
0,1,4203
17596,0,4224
11925,0,4226
10728,1,4227
4468,0,4232
38229,1,4237
18939,1,4240
11198,0,4244
0,0,4250
8435,1,4251
42923,1,4252
35107,1,4260
15834,1,4263
31047,1,4266
33102,1,4269
117,1,4277
16763,1,4278
12031,1,4280
11383,1,4283
9516,1,4288
33279,0,4289
48,1,4300
23895,0,4300
6744,0,4300
26781,0,4300
36085,0,4300
40417,1,4300
100516,1,4308
4575,1,4309
16106,0,4316
0,0,4320
4941,0,4320
7419,1,4328
10722,1,4350
36573,1,4352
21898,1,4355
32452,1,4362
24425,1,4364
66440,1,4368
30363,1,4370
23127,1,4386
28509,1,4388
16454,0,4400
2075,0,4400
26448,0,4400
28283,0,4400
7757,1,4410
905,0,4418
1014,1,4420
13871,1,4421
0,1,4435
19046,1,4436
21547,1,4440
2106,1,4444
11121,1,4455
72745,0,4462
11477,1,4473
6495,1,4480
32057,0,4482
0,1,4485
2439,0,4488
38018,1,4500
12597,1,4500
489,0,4500
2517,0,4500
35749,1,4500
453,0,4500
17223,0,4500
39125,1,4500
21564,1,4500
15835,0,4500
2907,1,4500
17219,1,4500
25828,0,4500
42089,1,4500
18905,0,4500
6042,1,4500
7337,0,4500
6105,0,4500
7458,0,4500
0,1,4500
62216,0,4500
12985,1,4500
27521,0,4500
47606,0,4500
69846,0,4500
25424,1,4500
27128,1,4500
16143,0,4500
48640,0,4500
9220,0,4500
10301,0,4518
47996,1,4520
18593,1,4522
7422,1,4524
9614,1,4536
0,0,4545
5199,0,4548
26458,0,4550
7960,1,4553
7202,1,4560
502,0,4572
30286,0,4575
26655,1,4576
30604,1,4583
723,1,4592
5460,1,4593
19827,0,4595
28553,1,4600
11679,0,4600
30306,0,4600
39816,0,4600
15794,1,4600
8887,0,4600
23198,1,4604
10545,1,4616
6993,0,4620
0,0,4635
5737,0,4641
15802,0,4650
0,0,4668
8076,1,4670
18303,1,4675
10149,0,4680
48756,0,4680
0,1,4680
11367,0,4685
27842,0,4686
19707,0,4692
27,0,4697
201,1,4700
38732,0,4700
23396,1,4710
15634,1,4720
23787,1,4726
70062,0,4728
22552,1,4730
22080,1,4741
7402,1,4746
9072,0,4750
43731,1,4757
5195,1,4760
8523,1,4778
11608,0,4784
31924,1,4790
66546,1,4791
31765,1,4800
44727,0,4800
7497,0,4800
30888,1,4800
7588,1,4800
29318,1,4800
17555,1,4800
6852,1,4800
36847,1,4800
20385,1,4800
4597,1,4800
14282,0,4800
63474,0,4800
2607,0,4800
10122,1,4800
471,1,4800
62955,1,4800
3261,1,4800
48063,1,4800
8269,0,4800
20945,1,4800
39324,1,4800
39717,1,4810
20241,0,4823
3832,1,4830
14481,1,4832
34060,1,4835
14536,0,4840
16332,0,4848
580,1,4850
0,1,4856
28773,1,4860
41279,1,4864
50951,1,4866
1811,1,4868
10191,1,4870
51495,1,4875
16127,1,4880
6435,0,4888
55181,0,4896
19358,0,4899
16036,1,4900
54577,1,4900
3336,1,4900
47694,1,4900
6410,0,4902
29569,1,4910
8637,1,4913
7551,1,4950
44119,1,4958
20238,1,4962
36850,1,4963
54809,1,4972
1524,0,4973
16679,0,4983
5376,1,4985
48783,0,4990
47835,0,4992
12845,1,5000
21762,1,5000
45063,1,5000
43510,1,5000
31641,0,5000
12955,1,5000
8337,1,5000
38712,1,5000
37708,1,5000
20877,1,5000
19263,0,5000
12614,1,5000
21954,1,5000
30884,0,5000
20401,1,5000
12406,1,5000
20382,1,5000
14247,0,5000
32457,1,5000
2288,1,5000
222,0,5000
46427,0,5000
5092,0,5000
11442,0,5000
10830,0,5000
26758,0,5000
64865,1,5000
0,1,5000
9561,1,5000
64899,0,5000
10473,0,5004
2122,1,5014
34023,1,5022
19366,1,5040
16922,1,5044
20079,1,5060
28229,1,5070
19957,1,5082
19449,0,5084
39735,0,5086
0,1,5094
15254,1,5096
56150,1,5100
23790,1,5100
32901,1,5100
2670,0,5104
20969,1,5106
6879,0,5109
14378,1,5117
25015,0,5120
17301,1,5123
61710,1,5130
19094,1,5136
21819,1,5144
20430,0,5148
34040,1,5154
17973,1,5156
8793,0,5161
26845,1,5162
12714,1,5189
21219,1,5200
42,1,5200
34,0,5200
35349,1,5200
29113,1,5200
31474,1,5200
34011,0,5200
5966,1,5200
1209,0,5200
33260,1,5200
44637,1,5200
18946,1,5200
56,0,5200
24471,1,5200
0,0,5200
4501,1,5212
0,1,5220
2598,1,5227
18384,0,5229
9512,0,5234
3699,1,5240
28694,1,5241
669,0,5250
27793,1,5250
3484,0,5253
5475,1,5254
67741,0,5280
1275,0,5280
34668,1,5284
8199,1,5294
24399,1,5300
8431,0,5300
26265,1,5300
744,0,5306
24105,0,5314
16017,0,5329
3324,1,5330
0,1,5342
22455,1,5350
12288,1,5360
24815,1,5382
22941,1,5385
16417,1,5394
21569,1,5400
10022,1,5400
24572,1,5400
1371,1,5400
5878,1,5400
0,0,5400
33133,1,5400
23684,1,5400
51109,1,5400
33840,0,5400
19410,1,5400
36785,1,5401
28443,0,5412
225,1,5432
18459,0,5435
26027,1,5440
4102,1,5450
27617,1,5460
13068,0,5484
23847,0,5486
14459,1,5500
11797,1,5500
2349,0,5500
52268,1,5500
25849,0,5500
17081,1,5500
544,0,5500
16130,1,5500
8580,1,5500
15798,1,5500
1135,1,5500
53552,0,5500
16024,1,5500
9624,1,5500
5667,1,5502
23991,1,5520
0,1,5528
6065,1,5545
36065,1,5550
25181,0,5556
1254,0,5565
3990,1,5570
7389,1,5571
5484,0,5581
4167,0,5588
8938,1,5592
35382,1,5600
20865,0,5600
15665,0,5600
11987,0,5600
8104,0,5600
11691,0,5600
46497,1,5600
36279,1,5606
0,0,5610
26133,1,5616
8050,0,5618
11172,0,5620
12406,1,5621
5952,0,5624
27513,1,5628
22362,1,5630
5875,0,5632
2640,0,5633
44177,1,5634
27450,1,5647
3198,0,5650
39437,1,5670
1080,1,5677
20416,0,5680
11327,1,5683
16770,1,5690
10851,1,5698
23091,1,5699
12342,0,5700
29041,0,5700
46244,1,5719
3150,1,5720
71,0,5720
15771,1,5720
26214,1,5730
18627,1,5742
22089,0,5743
6639,1,5749
9198,0,5758
8056,0,5759
13976,0,5760
37014,1,5760
60537,1,5760
0,1,5770
21231,1,5785
10707,1,5800
33180,0,5800
25168,1,5800
26970,1,5800
11442,1,5800
6164,1,5811
12450,1,5835
4329,1,5840
25941,0,5850
54985,1,5868
22173,0,5873
478,0,5882
9546,1,5884
7086,1,5887
597,1,5892
11007,0,5900
25305,0,5907
9449,1,5915
27849,0,5925
4938,1,5928
20374,1,5937
23133,1,5942
22062,1,5947
21740,1,5962
23019,1,5976
38486,1,5980
19696,1,5985
3252,1,5994
18393,1,6000
4596,1,6000
7657,1,6000
14523,1,6000
27663,0,6000
2929,1,6000
18125,1,6000
3784,1,6000
21917,1,6000
21386,1,6000
18643,0,6000
47356,1,6000
32891,1,6000
4431,1,6000
39640,1,6000
25661,1,6000
3190,1,6000
2517,0,6000
27476,1,6000
35544,1,6000
10731,1,6000
51801,1,6000
11864,1,6000
22413,1,6000
27118,1,6000
7395,1,6000
29762,1,6000
52628,0,6000
18144,1,6000
11653,1,6000
